"","sample_id","C0"
"1","S_1",1.7602858
"2","S_2",1.7584167
"3","S_3",1.5229101
"4","S_4",1.4182405
"5","S_5",1.2388069
