pbSi,MARS
3.95571425,10
3.951514008,10
3.422283577,10
3.187070052,10
2.783846866,10
